15.17,15.79,15.17,15.44,76385.28
15.48,16.78,15.48,16.5,173235.15
16.09,16.86,16.0,16.69,115212.27
16.67,16.97,16.19,16.49,252834.91
16.4,16.59,16.03,16.08,134839.39
15.27,16.84,15.27,16.62,172931.08
16.66,17.52,16.66,17.33,273013.41
17.33,17.83,17.31,17.61,234447.43
17.95,18.16,17.21,17.49,132966.98
17.45,17.64,17.03,17.47,147500.67
17.8,17.9,17.21,17.67,216201.27
17.67,17.67,16.96,17.1,200915.3
17.04,17.39,16.63,17.15,217901.98
17.12,17.26,15.61,15.79,178055.33
15.79,17.06,15.79,17.02,227027.58
17.02,17.02,15.41,15.72,211509.78
15.72,16.3,14.93,15.97,159309.16
15.72,17.0,15.7,16.9,186677.48
16.9,17.33,16.75,16.96,157663.49
16.72,17.54,16.72,17.18,244721.85
17.34,18.08,17.34,17.78,309113.38
17.65,17.7,16.4,17.64,162348.29
17.63,17.63,16.89,17.15,127204.58
17.03,17.32,16.73,17.18,131520.06
16.92,17.39,16.92,17.22,98708.88
17.41,18.19,17.41,17.93,260814.74
17.75,18.09,17.66,18.05,129489.79
18.41,18.51,17.33,17.35,160347.71
17.41,18.57,17.4,18.55,302226.8
18.55,19.18,18.33,18.89,311079.61
19.07,19.18,18.59,19.02,202614.95
18.82,19.56,18.73,18.84,203920.4
18.86,18.86,18.27,18.6,165218.21
18.51,19.0,18.32,18.56,118301.62
18.39,18.82,17.98,18.4,127610.69
18.55,18.95,18.32,18.57,148305.5
18.39,19.04,18.19,18.84,234767.89
19.13,19.23,18.71,19.12,183907.39
19.18,19.47,18.06,18.26,380840.06
18.14,18.35,17.84,18.19,206180.65
18.26,18.55,17.96,18.43,197554.01
18.4,18.49,18.05,18.23,162871.35
18.23,18.38,17.79,17.85,160001.48
17.77,18.08,17.54,18.03,119585.8
18.61,18.71,18.11,18.23,240719.0
18.14,18.23,17.7,18.14,122045.43
18.14,18.61,18.14,18.28,194119.98
18.32,18.47,18.19,18.43,141320.48
18.43,18.67,18.23,18.56,153294.98
18.66,19.31,18.43,19.07,391478.44
19.07,19.28,18.76,19.12,192688.99
19.62,20.0,18.63,19.53,555770.84
19.2,21.49,18.88,20.3,634354.64
20.3,21.49,20.03,20.55,414536.26
20.56,20.58,19.38,20.06,288249.25
19.72,20.09,19.39,19.83,272049.02
19.73,20.03,19.23,19.26,235921.01
19.07,19.59,18.87,19.49,189995.68
19.41,19.47,19.01,19.19,179467.09
19.43,20.29,19.2,20.1,242688.26
20.05,20.42,19.73,19.81,381756.99
19.81,19.98,19.38,19.78,155495.64
19.65,19.95,18.57,18.73,234768.42
18.56,19.25,17.99,19.22,343221.99
19.09,19.37,18.94,19.13,143276.36
19.13,19.91,18.87,18.87,162184.9
18.51,19.35,18.27,19.27,118764.54
19.18,19.42,18.65,19.2,178586.82
19.05,19.39,18.85,19.28,152170.15
19.31,19.46,18.76,18.76,191366.55
18.94,19.26,18.39,18.58,157525.25
18.6,18.99,18.43,18.48,141036.73
18.51,18.71,18.06,18.45,143110.35
18.5,18.94,18.08,18.54,240235.78
18.54,18.83,18.16,18.16,140450.07
18.27,18.43,16.71,16.83,335558.27
16.72,17.36,16.57,17.2,277093.18
17.1,17.25,16.87,16.97,182278.65
16.94,17.67,16.74,17.21,162588.39
17.24,17.81,17.02,17.75,348523.56
17.75,18.34,17.58,18.25,319022.57
18.3,18.72,17.99,18.16,281079.35
18.06,19.52,18.06,18.8,348259.83
19.34,19.79,18.85,19.37,396924.7
19.54,19.89,19.05,19.39,430072.61
19.26,19.39,18.75,19.02,205478.56
18.65,19.69,18.58,18.75,341266.57
18.6,19.4,18.59,19.14,184669.2
18.95,20.0,18.87,20.0,419255.91
20.28,20.31,19.35,19.54,349615.8
19.46,19.91,19.24,19.44,242381.96
19.54,19.64,19.19,19.59,171534.17
19.58,19.9,18.73,18.78,311182.72
18.98,19.14,18.65,19.05,132821.44
18.95,19.49,18.73,18.96,240455.06
18.89,20.29,18.35,19.55,403789.97
19.75,21.5,19.75,21.49,1024317.91
21.3,21.31,20.51,20.88,658977.79
20.83,21.25,20.35,21.2,516142.34
21.11,21.38,20.57,20.79,326928.01
20.83,20.99,20.25,20.36,258351.09
20.05,20.76,19.94,20.53,283190.49
20.63,20.81,20.15,20.71,292020.37
20.66,20.83,20.03,20.23,272635.68
20.19,20.28,19.54,19.82,365196.21
19.68,20.14,19.64,19.89,195017.79
20.14,20.33,19.79,19.96,302094.68
19.84,20.11,19.22,19.99,473882.77
20.38,20.41,19.94,20.18,330344.83
20.14,20.5,20.04,20.38,243149.7
20.37,20.48,19.84,19.91,209932.58
19.69,19.87,19.39,19.58,257276.3
19.54,19.78,19.35,19.62,175876.59
19.62,20.13,19.61,19.79,295329.64
19.7,20.16,19.7,19.79,221116.02
19.73,19.81,19.24,19.36,201885.18
19.35,19.87,19.34,19.52,214715.95
19.44,20.05,19.44,19.99,207841.14
19.99,20.35,18.55,19.22,402029.95
19.07,19.43,19.01,19.25,143654.35
19.17,19.69,19.13,19.53,156413.02
19.44,19.52,18.65,19.09,170515.18
19.09,19.28,18.53,18.58,158351.53
18.58,18.64,18.07,18.24,247681.72
18.23,18.72,18.19,18.66,186747.95
18.55,18.95,18.38,18.74,115199.53
18.6,19.22,18.17,19.2,172188.87
19.2,19.32,19.03,19.16,91062.99
19.19,19.91,19.19,19.21,198370.11
19.22,19.5,18.73,18.87,153249.11
18.68,19.16,18.65,19.09,115880.1
19.23,19.63,18.88,19.57,238062.62
19.39,19.83,19.36,19.74,182449.92
19.85,20.42,19.51,20.11,281363.2
20.07,20.52,19.9,20.05,185249.61
19.94,20.19,19.74,20.06,159471.13
20.04,20.04,19.5,19.52,159321.45
19.54,19.74,19.35,19.42,96565.57
19.39,19.89,19.37,19.67,112612.85
19.52,19.91,19.34,19.74,139694.38
19.76,20.66,19.76,20.12,360083.28
20.14,20.56,20.12,20.35,204740.33
20.52,21.4,20.37,20.68,450773.2
20.51,20.84,20.28,20.78,213456.13
20.93,22.82,20.63,21.95,835524.31
22.02,23.06,21.9,22.08,601119.27
22.32,23.21,22.07,22.62,506080.34
22.52,23.31,21.97,23.1,532391.68
23.1,23.66,21.41,22.08,853336.12
21.7,22.07,21.2,21.45,428241.2
21.33,22.28,21.31,21.52,366060.06
20.98,21.8,20.33,21.59,365341.06
21.51,23.11,21.34,22.96,595924.04
22.7,23.36,22.55,23.21,423198.97
23.51,23.76,22.71,23.21,336491.02
23.06,23.16,22.42,22.57,285910.26
22.52,24.28,22.52,24.03,475980.08
23.82,24.17,23.53,23.93,344421.84
23.84,24.77,23.76,24.27,494762.76
24.2,24.75,23.31,23.32,324035.22
23.05,23.61,22.81,23.61,226833.02
24.02,25.97,23.91,25.55,934782.28
25.34,26.0,25.13,25.83,445135.65
25.57,25.96,25.19,25.32,316197.13
25.67,26.55,25.26,25.53,423720.49
25.57,26.78,25.09,26.68,555868.72
26.56,27.68,26.2,26.9,706902.98
26.89,27.43,26.5,26.97,347603.34
26.99,27.44,26.67,27.19,265733.56
27.2,27.28,25.39,26.09,564004.75
26.11,26.2,25.45,26.03,368520.28
26.04,26.44,25.52,25.66,350484.01
25.59,26.44,25.2,26.27,404831.95
26.23,26.23,25.36,25.75,317492.53
25.69,25.88,25.2,25.7,247727.63
25.74,26.28,25.49,25.85,233547.36
25.86,25.87,25.2,25.29,206250.15
25.34,25.46,24.64,25.06,341670.26
25.1,25.49,24.9,25.08,191498.77
24.82,25.64,24.8,25.52,229716.64
25.52,25.89,25.2,25.79,236869.43
25.79,26.06,25.44,25.46,208916.96
25.36,26.06,25.34,25.52,233304.44
25.45,25.76,24.47,24.69,393613.05
24.5,25.03,24.5,24.5,228069.1
24.51,25.08,24.45,24.85,159202.66
24.9,25.13,23.97,24.74,238705.53
24.84,25.1,24.58,24.7,131400.45
24.83,24.89,23.91,24.05,412607.44
24.06,24.73,24.02,24.2,205656.95
24.15,25.0,24.06,24.95,247655.26
25.13,26.11,25.0,25.33,497008.24
25.39,26.03,25.16,25.52,272346.22
25.44,25.84,25.24,25.4,167889.08
26.14,26.66,25.39,25.49,372596.53
25.3,25.76,24.83,25.73,270044.6
25.76,26.07,25.46,25.63,204960.64
25.46,25.74,25.19,25.29,165030.09
25.16,25.46,24.98,25.39,148902.33
25.76,27.28,25.57,27.08,842914.77
26.78,28.07,26.53,27.53,821609.56
27.66,28.58,27.12,27.38,497649.0
27.52,27.93,26.99,27.26,273812.67
27.09,28.56,27.09,27.37,388669.99
27.82,29.19,27.39,28.67,638449.12
28.47,28.93,27.88,28.3,362923.89
28.27,28.64,28.0,28.37,244340.52
28.37,29.1,28.37,29.1,375453.15
28.95,29.06,27.14,27.61,664582.67
27.38,27.62,26.35,26.59,441342.72
26.54,27.33,26.32,27.08,289770.77
27.09,27.09,26.29,26.29,183571.11
25.99,26.64,25.88,26.24,244718.65
26.34,26.9,26.13,26.73,167288.13
26.54,27.09,26.34,26.49,156129.34
26.53,26.53,25.56,25.6,377947.86
25.65,26.09,25.29,25.97,341398.51
25.95,26.78,25.81,26.56,188469.06
26.5,26.67,26.0,26.15,123857.29
25.9,27.19,25.82,27.16,288475.76
27.28,27.87,26.94,27.53,306329.39
27.43,28.16,27.28,27.67,268199.75
27.68,28.21,27.58,28.06,252891.3
28.13,28.37,27.48,28.27,313547.47
28.25,28.27,25.44,25.93,1046507.57
25.57,26.5,25.5,26.08,440517.43
25.84,26.06,25.52,25.79,198511.02
25.77,25.77,24.72,24.9,462223.61
25.0,25.63,24.67,25.14,248496.05
25.14,25.15,24.87,25.06,125673.03
24.96,25.59,24.96,25.0,218542.94
24.95,25.54,24.86,25.15,189613.75
25.2,25.74,25.2,25.58,244830.78
25.14,25.59,24.6,24.99,269193.49
25.14,25.86,25.05,25.7,171020.51
25.61,26.29,25.52,26.1,199075.65
26.11,26.26,25.69,25.84,87751.16
25.96,26.46,25.79,26.19,158045.9
26.18,26.77,25.99,26.1,135594.57
26.25,26.66,25.96,26.14,152329.86
26.01,26.33,25.99,26.09,97234.13
26.05,26.29,26.05,26.09,85792.14
26.24,26.43,25.4,25.64,179594.72
25.69,26.27,25.69,26.16,196202.25
26.17,26.74,25.95,26.71,202852.37
26.54,27.56,26.54,27.29,242459.98
27.29,27.45,27.05,27.12,107345.73
27.07,27.28,26.73,26.86,113234.62
27.02,27.24,26.5,26.97,169602.93
27.06,27.73,26.98,27.45,194618.62
27.63,28.44,27.41,27.63,278521.74
27.95,28.12,27.23,27.64,128227.91
27.63,28.2,27.42,27.79,267473.89
27.8,28.34,27.72,28.25,209071.24
28.19,28.84,27.95,28.04,261461.09
27.88,28.62,27.88,28.55,194982.8
28.54,28.84,28.22,28.84,176721.83
28.76,28.76,27.97,28.12,241170.08
28.22,28.93,28.22,28.58,216848.44
28.44,28.86,27.87,28.25,188871.57
28.39,29.11,28.27,28.8,442238.32
28.86,29.26,28.52,28.64,269256.87
28.57,29.94,28.47,29.74,469534.56
29.91,31.97,29.81,31.69,537708.34
32.07,32.12,31.3,31.64,325182.53
31.66,33.03,31.35,32.62,443915.85
32.63,33.11,31.56,31.65,395262.9
31.94,32.34,31.15,31.95,284240.48
31.71,32.93,31.58,32.89,346169.64
32.78,32.89,31.56,32.14,379251.91
32.15,32.95,31.73,31.81,297817.86
32.08,32.34,30.65,31.01,620008.09
31.05,31.42,30.8,30.9,307947.12
31.13,32.0,31.01,31.84,315222.16
31.82,32.19,31.47,32.04,177820.56
33.23,33.23,32.37,32.72,389221.2
32.76,33.53,32.36,33.53,397422.97
33.52,34.98,33.44,33.75,602666.92
33.73,34.0,32.63,32.63,425826.25
32.61,33.61,32.51,33.3,297098.47
33.11,33.58,32.44,33.23,220445.93
33.14,33.53,32.61,33.08,236192.94
32.85,34.67,32.85,34.07,402602.94
33.93,34.82,33.73,34.59,323410.84
34.6,34.66,33.61,33.92,305745.02
33.62,34.04,33.45,33.54,195795.28
33.23,33.72,32.88,33.43,216550.26
32.98,33.61,31.71,32.58,409056.08
32.19,33.63,32.12,33.02,243685.59
32.99,33.38,32.51,33.13,114030.09
33.19,33.19,31.54,31.74,243435.53
31.47,32.24,31.47,31.99,138300.64
32.04,32.42,31.86,32.02,119265.12
32.02,32.79,31.25,32.52,207754.79
32.56,33.83,32.56,33.51,343248.66
33.27,33.71,33.01,33.15,184422.88
32.73,33.23,31.74,32.48,238414.36
32.48,34.43,32.45,34.42,412090.18
34.52,34.72,33.63,33.92,368547.57
33.64,34.92,33.51,34.47,292498.98
34.42,35.79,34.22,35.15,379633.48
35.47,35.49,34.6,34.9,203694.43
34.82,35.13,34.22,34.7,170534.69
34.7,35.09,34.31,34.52,125319.8
34.4,35.4,34.37,34.56,256446.03
34.53,34.91,33.52,33.54,213036.64
33.24,34.37,33.24,34.23,218429.41
34.43,35.71,34.27,35.09,336745.37
34.8,35.76,34.32,35.59,308945.59
35.61,36.0,34.98,35.95,296476.73
35.68,36.56,35.53,36.18,326800.33
36.16,37.05,35.72,36.95,351127.2
37.0,37.3,36.34,36.44,318211.11
36.11,36.7,35.6,35.77,252620.54
35.77,36.07,35.35,35.71,158536.66
35.51,36.47,35.48,36.18,204373.76
36.16,37.15,35.87,36.65,331663.86
36.46,36.67,35.06,36.34,290887.95
36.3,36.37,35.13,35.45,325021.69
35.71,35.75,34.13,34.75,481674.59
34.77,35.22,34.52,35.19,220574.3
35.36,35.59,34.97,35.11,179977.13
35.12,35.21,34.18,35.21,240575.67
35.22,36.01,34.86,35.96,204164.19
36.01,36.63,35.78,36.05,178745.75
36.02,36.55,35.71,36.46,300758.14
36.3,36.98,36.23,36.98,252629.41
37.07,37.69,36.7,37.45,320499.03
36.92,37.01,35.96,36.75,369176.41
36.49,36.67,36.02,36.49,210627.9
36.53,36.91,36.31,36.4,159277.51
36.4,36.76,36.2,36.43,193574.07
36.5,38.37,36.36,38.19,591693.73
38.24,38.27,37.38,37.5,387406.01
37.59,38.71,37.59,38.7,371603.6
38.47,39.17,38.2,38.82,337595.02
38.66,40.18,38.58,39.73,460875.39
39.62,40.86,39.36,40.55,341528.24
40.47,40.67,39.76,40.26,309924.49
40.22,40.22,38.88,39.02,513904.77
39.01,39.42,38.78,39.04,255592.66
39.04,39.36,38.41,38.52,338336.96
38.52,39.78,38.4,39.7,346225.0
39.71,39.86,38.6,38.67,326695.55
38.39,39.29,38.19,39.13,353976.29
39.08,40.05,38.8,39.86,382139.06
39.86,40.04,39.43,39.63,221997.86
39.61,41.22,39.51,40.42,360119.26
40.13,40.13,38.83,38.9,342342.93
38.76,38.83,37.87,38.26,594915.44
38.26,39.23,38.09,38.85,304374.72
38.92,39.03,38.29,38.52,187984.78
38.42,38.7,37.2,37.44,409244.7
37.37,37.73,36.32,36.83,411134.39
36.75,37.71,36.45,37.52,317134.82
37.27,39.17,37.27,38.54,526018.93
38.75,39.93,38.59,38.74,356231.09
38.74,39.43,38.42,38.97,151129.95
38.73,39.03,38.54,38.84,128690.52
39.02,39.82,38.81,39.24,193260.41
38.91,39.3,37.66,38.11,287853.18
37.84,38.7,37.79,38.1,163907.19
38.24,38.42,37.62,37.99,294011.87
37.75,38.2,37.55,37.84,220969.46
37.84,38.05,37.49,37.74,188347.93
37.92,39.03,37.53,37.59,364504.91
37.28,37.68,34.76,35.22,893415.54
35.16,36.21,35.14,35.65,368573.03
35.46,36.07,35.44,35.9,268924.51
35.76,36.14,34.36,35.52,457528.1
35.56,36.43,34.67,36.16,444688.58
36.13,36.95,35.69,36.05,318281.62
35.77,37.25,35.77,36.72,384235.87
36.58,38.74,36.44,38.44,576091.17
38.88,39.41,38.46,38.59,341583.68
38.7,38.9,38.26,38.54,215722.3
38.63,38.82,38.09,38.14,190729.01
37.91,38.89,37.8,38.12,206123.84
37.92,39.12,37.92,38.69,248795.32
38.72,39.63,38.59,38.76,317969.28
38.73,38.93,37.94,38.54,191526.81
38.81,38.98,38.15,38.29,204826.14
38.23,38.52,37.93,38.31,171242.01
38.4,39.83,38.37,39.68,408711.04
40.01,40.8,39.68,39.93,367698.4
39.74,40.89,39.74,40.42,413032.62
40.77,41.43,40.53,41.3,382813.54
41.37,43.04,41.32,42.7,461929.3
43.3,43.96,42.31,42.71,487539.22
42.85,43.2,42.21,42.46,285675.8
42.6,42.75,41.22,41.66,385291.64
42.06,42.67,41.43,42.2,350080.14
41.94,42.37,41.32,41.72,276354.22
41.79,42.48,41.32,42.44,233052.39
42.89,42.89,40.8,41.4,414788.16
41.71,41.96,39.92,41.8,367199.91
41.79,42.01,40.62,40.78,292041.15
40.78,41.6,40.47,40.8,257676.62
40.41,41.12,40.32,40.69,192972.04
40.69,41.66,39.73,39.97,313901.3
39.73,41.13,39.73,41.0,272092.94
40.92,40.92,40.0,40.26,197446.56
40.25,41.06,39.83,41.02,286109.79
41.23,42.11,39.93,40.13,324106.43
39.73,40.23,38.68,39.26,380105.35
39.53,41.13,39.43,40.72,411581.55
40.6,42.09,40.6,41.91,295335.76
42.06,42.46,41.52,41.71,295654.3
42.31,42.96,41.71,42.28,276669.96
42.41,42.41,40.95,41.52,241015.87
41.61,41.85,40.52,41.52,200353.91
41.27,42.7,41.14,42.46,256931.17
42.76,46.25,42.76,45.87,866546.99
45.76,47.16,45.17,46.47,517462.31
46.06,46.88,45.74,46.46,278022.32
46.12,48.32,46.1,47.18,474866.72
46.4,48.04,45.87,45.97,341467.08
46.04,46.98,45.69,46.09,242894.59
46.15,48.51,46.15,48.37,366684.59
48.61,50.15,47.73,49.88,450928.15
49.57,50.05,48.96,49.33,273580.71
49.76,50.53,48.87,49.38,440732.82
49.36,50.01,48.39,49.88,363940.92
50.16,52.02,49.4,49.73,471448.4
49.74,50.62,48.93,49.66,303902.68
49.65,50.12,48.87,49.02,282042.23
48.69,49.32,48.17,48.55,295151.55
48.85,50.11,48.55,49.24,386898.55
49.33,51.23,48.93,51.2,559946.99
51.0,51.39,50.24,51.1,472142.48
51.32,52.02,50.25,50.66,514738.68
50.64,53.4,49.96,53.34,785017.42
52.59,55.15,52.44,54.88,704697.65
54.89,56.36,54.71,55.55,483075.75
55.55,56.56,53.72,53.98,530188.22
53.99,55.6,52.43,54.68,471348.57
54.23,55.8,53.24,55.54,534763.08
55.37,56.2,53.63,53.83,519150.46
52.74,57.8,52.64,57.75,850273.48
57.73,59.79,57.44,59.59,1016523.32
59.1,60.59,57.21,58.74,652412.02
58.7,59.52,55.73,56.89,636736.47
57.0,57.88,54.31,54.73,607090.11
54.7,55.05,50.29,52.64,785089.09
52.04,55.62,52.04,54.96,590988.38
54.92,56.49,54.37,54.73,486155.2
54.36,55.3,52.52,52.64,572004.95
54.31,57.41,54.17,56.36,946492.88
56.41,59.19,55.8,57.61,861045.92
57.51,58.47,54.16,55.27,971499.11
55.22,56.12,52.33,54.08,1099198.94
53.96,54.03,51.78,51.82,803291.49
51.65,53.19,51.55,52.6,844282.23
52.64,53.84,50.66,53.65,929738.01
53.14,53.83,52.34,53.14,489859.51
53.02,53.09,50.85,52.33,752428.25
52.14,52.22,50.46,50.82,594076.86
50.95,52.24,50.65,51.07,421469.02
50.83,52.52,49.88,52.14,646167.05
51.99,54.48,51.99,53.93,667726.71
53.79,53.9,51.35,52.32,561626.83
52.13,53.67,51.15,53.32,553694.75
53.85,55.02,52.17,52.24,589327.73
51.95,52.32,50.16,51.09,678291.55
51.45,51.75,50.65,51.08,560687.78
50.65,51.12,49.27,49.44,459234.19
49.64,50.07,48.08,50.07,421292.89
49.65,50.83,49.44,50.36,309943.41
50.57,50.78,48.37,49.17,552907.22
49.68,52.94,49.35,51.94,882475.58
51.84,53.14,51.53,52.14,500354.96
52.14,52.63,50.44,50.8,425619.58
50.15,50.8,48.13,48.54,861263.66
48.62,49.86,48.45,49.73,618321.67
49.31,49.52,46.64,46.68,1003249.53
46.78,46.97,42.01,44.86,1883224.7
44.12,44.13,42.39,43.7,903986.07
44.31,45.37,43.21,44.05,840732.37
43.5,43.5,40.6,41.28,1508404.96
41.47,44.0,40.73,43.43,894158.84
42.96,44.64,42.71,42.91,653636.47
42.71,43.19,39.73,40.23,1034234.83
39.71,42.27,37.72,42.08,1644387.28
41.52,41.52,39.12,39.69,987454.77
39.03,39.03,35.72,35.72,2646479.58
34.94,36.07,33.97,35.11,1174952.88
34.62,35.36,33.12,33.14,996636.35
32.78,33.33,32.38,32.85,911843.14
33.05,34.78,32.9,34.11,1075087.02
34.0,35.32,32.91,34.21,804786.03
33.88,35.11,33.38,34.18,512980.62
34.5,37.59,33.97,36.53,1310774.96
35.31,36.46,34.88,35.26,773989.79
33.95,34.99,32.98,34.02,605011.93
35.26,35.73,32.48,33.23,747951.97
33.16,34.98,32.93,34.98,756287.4
33.98,36.25,33.67,34.91,885235.09
35.16,36.21,34.5,35.78,776037.1
36.35,36.35,35.26,35.53,748732.91
35.35,35.46,33.65,34.4,656856.49
34.74,35.05,33.88,34.97,569282.06
35.06,37.1,35.06,36.44,892659.83
37.05,40.09,36.5,39.82,1501132.27
39.93,40.9,39.13,39.93,1184793.39
38.74,40.38,38.04,39.84,999105.86
38.8,40.81,38.8,40.06,789170.17
39.99,40.85,39.01,39.04,795768.56
39.65,39.87,38.63,39.6,615456.2
40.07,41.17,40.05,40.96,956320.85
40.93,40.93,39.53,39.95,771600.85
39.97,40.45,39.21,40.32,551100.85
40.42,42.21,39.75,41.85,1000248.86
42.7,43.05,41.67,41.91,1037797.33
41.81,42.44,41.3,41.53,634128.99
41.32,42.49,40.63,41.68,861070.03
41.39,42.32,40.87,41.57,500428.07
41.12,41.81,39.84,39.9,536149.76
39.78,40.47,38.95,39.37,511139.31
38.74,39.99,38.6,39.63,414560.64
39.6,40.66,38.74,39.03,500412.0
39.13,39.98,38.65,38.94,436124.61
36.65,37.23,35.05,35.05,958537.7
33.71,34.74,31.83,34.69,880911.04
35.98,36.24,35.26,35.89,696405.33
35.12,36.7,35.06,35.84,523192.85
36.25,36.61,35.51,35.93,359309.22
36.21,37.06,35.7,37.06,600221.29
36.75,37.62,36.37,36.43,528010.93
35.56,35.87,34.67,35.27,521751.2
35.26,35.73,34.35,34.44,418794.39
33.78,35.34,33.77,34.74,444653.36
34.76,36.54,34.56,36.31,484429.82
36.25,37.46,36.25,36.55,471953.28
36.34,38.12,36.34,37.61,604219.93
37.69,37.97,36.86,36.88,299244.01
36.63,36.73,34.86,35.34,571491.99
35.48,36.24,34.97,35.05,352687.13
35.32,35.58,32.64,33.92,633535.37
33.65,35.44,33.65,35.09,430310.24
34.91,35.25,33.14,33.15,431138.21
32.97,33.66,29.84,30.1,718366.08
30.38,31.46,29.85,31.32,431687.04
31.24,32.27,30.91,31.87,419981.88
31.83,31.83,28.8,30.69,487275.19
30.79,31.39,30.35,30.92,309111.22
31.14,32.13,30.8,31.02,396005.45
31.31,31.98,30.67,31.78,423200.78
31.62,31.67,30.79,30.83,408883.97
30.99,31.95,30.99,31.5,339942.74
31.88,33.42,31.45,33.06,537940.87
32.79,35.84,32.79,35.14,815959.81
35.14,35.53,34.67,35.32,470638.46
35.67,36.08,34.84,35.11,480170.08
36.2,37.94,36.2,37.0,847926.86
36.84,37.33,35.77,36.72,463661.8
36.29,37.49,36.26,36.38,366603.53
36.21,36.6,35.26,35.44,365741.63
35.69,36.19,35.46,35.79,233431.56
36.49,38.49,36.49,38.0,710586.15
38.07,38.57,37.34,38.08,524553.67
37.82,38.42,36.98,37.04,418224.56
36.9,37.9,36.76,37.31,300824.2
36.82,37.24,35.04,35.09,534837.05
35.61,37.52,35.54,37.05,509075.08
37.58,37.68,36.66,36.68,363266.78
34.76,35.86,34.2,34.46,447701.93
34.86,35.26,33.65,34.17,328723.48
34.17,34.17,33.04,33.19,263517.4
33.19,34.35,32.92,33.44,304851.64
33.38,36.79,33.38,36.55,858318.73
36.75,37.39,36.35,36.95,640818.67
37.25,37.56,36.57,36.95,370542.96
36.33,37.23,36.15,36.33,346134.91
36.13,37.11,35.34,36.45,405617.7
36.72,36.93,35.47,36.19,372746.39
36.15,36.15,34.04,34.27,434058.08
33.88,34.86,33.78,34.18,280465.16
34.42,34.84,32.97,33.07,360174.28
32.18,32.18,29.77,29.77,502354.42
29.8,29.97,27.49,28.99,579270.26
29.13,29.68,27.07,27.82,436358.38
27.86,29.05,26.69,28.76,339038.78
29.34,29.93,28.86,29.08,320305.72
28.21,29.66,28.2,29.38,277986.27
29.52,29.78,28.42,28.63,213491.44
28.64,29.86,28.64,29.26,268514.67
29.16,30.6,28.86,30.52,361355.99
30.55,30.61,28.46,29.16,344222.2
29.16,30.14,28.8,30.03,366981.95
30.03,31.3,29.5,29.71,412199.43
29.71,30.0,28.8,29.05,235746.49
29.06,30.57,28.69,29.64,441586.11
30.0,31.38,29.98,31.2,367267.83
31.39,32.09,30.75,31.64,372627.91
30.71,31.4,29.6,31.11,350206.7
31.39,33.42,31.39,32.7,434907.87
32.78,34.6,32.33,33.99,463799.16
34.42,34.81,33.59,34.03,320468.85
33.77,35.15,33.77,34.93,364123.8
35.44,35.52,34.2,34.28,297900.78
34.48,34.72,33.59,33.85,238942.62
34.24,34.54,33.67,33.87,220143.31
34.22,35.26,33.94,34.96,293617.05
35.1,36.31,34.76,36.06,445970.63
36.25,36.8,35.87,36.1,362794.76
35.96,36.05,33.67,34.28,502301.61
34.07,34.27,33.37,33.53,275291.67
33.87,34.52,33.37,33.44,217748.95
33.37,34.29,33.25,34.04,276632.78
34.65,34.89,33.69,33.88,257311.98
33.95,34.18,32.12,32.55,298471.23
32.83,33.01,31.43,32.2,209097.23
31.97,32.06,30.36,30.36,235691.3
30.37,31.64,30.26,31.37,199252.16
31.56,31.85,30.56,30.66,188563.34
30.95,33.17,30.78,32.89,407847.88
32.85,33.47,32.58,33.23,237250.92
32.78,34.66,32.66,34.02,377989.43
33.9,33.95,33.06,33.64,255869.72
33.71,33.75,31.67,32.12,404508.23
31.51,33.95,31.17,33.25,378509.78
33.87,34.15,33.12,33.12,387602.63
32.85,33.85,32.5,33.72,313057.49
33.85,35.24,33.27,34.96,539307.64
34.69,35.61,34.34,34.79,410362.35
34.74,35.52,34.41,35.24,406880.78
35.17,35.17,34.66,34.84,216384.38
35.11,36.01,34.72,35.73,476727.56
35.84,36.59,35.16,35.33,395136.62
35.39,35.76,34.75,35.3,208674.76
35.04,35.43,34.34,34.65,185138.97
34.54,35.14,33.9,33.97,204172.52
33.85,34.14,32.73,33.07,378262.62
33.18,33.83,32.73,33.45,340650.88
33.53,34.04,33.22,33.33,225151.54
33.25,33.55,32.67,33.05,207580.92
33.18,33.68,32.04,32.8,220946.34
32.43,32.43,29.53,29.53,557443.48
29.37,29.72,27.73,28.91,365834.12
29.06,29.52,28.47,28.91,226803.4
29.52,29.91,28.29,28.59,355506.25
28.77,28.93,27.38,28.23,275262.67
28.23,28.58,27.78,27.96,158001.12
27.49,28.02,27.18,27.84,262674.23
27.74,28.26,26.87,27.86,363462.79
27.86,28.56,27.68,28.17,291883.05
28.22,28.62,27.58,28.59,273644.27
28.26,28.42,27.53,27.78,288782.17
27.77,27.98,27.28,27.44,370174.25
27.49,27.7,24.69,25.27,691920.36
25.58,26.59,25.43,26.53,536651.26
25.74,26.18,24.92,24.97,287576.5
25.57,25.67,24.86,25.12,201114.85
25.14,25.36,23.43,23.89,357678.38
22.48,23.25,21.5,21.5,376633.82
21.05,22.1,20.81,21.65,339610.82
22.16,23.1,21.8,22.2,462087.17
22.2,22.69,20.47,20.7,340839.85
21.57,22.16,20.93,22.05,406745.72
22.22,23.39,21.92,22.8,555356.79
22.73,24.5,22.59,24.24,697514.89
25.02,26.67,24.61,26.57,871324.14
26.27,26.73,25.78,26.13,617237.55
25.98,26.37,25.29,25.42,544413.0
24.41,26.45,24.41,26.42,542270.02
26.74,26.88,25.09,25.37,542542.92
25.52,26.7,25.24,25.83,562533.7
25.88,26.64,24.69,26.19,606704.99
25.98,26.86,25.9,26.22,494371.35
26.51,27.51,26.06,26.48,642555.56
27.54,28.0,27.02,27.92,765263.72
27.51,27.91,26.05,26.6,790997.02
26.24,26.31,25.33,25.81,544765.61
25.88,27.0,25.75,26.07,523962.02
26.47,26.52,25.26,25.37,454320.82
25.07,26.66,25.01,26.18,630263.68
26.21,27.54,26.21,27.36,656618.26
26.85,27.66,26.73,26.98,724727.35
26.89,27.53,26.69,27.23,561420.58
27.16,27.55,26.51,27.49,596649.11
27.43,29.02,27.29,28.83,983852.95
28.68,29.37,28.42,28.69,557505.52
28.31,28.31,27.06,27.1,654513.18
26.78,27.34,25.83,26.26,738906.57
26.4,26.44,25.72,25.91,505257.7
25.88,26.28,24.47,24.76,520464.36
24.75,25.31,24.48,24.6,444510.78
24.9,25.0,23.95,24.04,601033.43
24.09,25.02,23.51,24.98,763672.24
25.26,25.51,23.94,23.95,668185.41
23.81,25.0,23.74,24.89,497797.7
26.48,27.38,25.93,27.38,1294714.97
27.38,27.63,27.13,27.43,707046.09
26.8,27.23,26.54,26.9,728581.76
25.39,25.67,24.21,24.34,1314094.96
24.7,25.32,24.45,24.93,635925.21
24.69,25.51,24.69,25.14,568450.04
25.31,25.83,25.05,25.27,644103.61
25.49,25.64,24.39,24.39,634857.91
24.55,25.08,24.39,24.86,602431.81
24.75,24.82,22.58,22.99,1244235.34
22.8,22.99,22.33,22.81,533992.17
22.68,23.16,22.46,22.85,454162.32
23.0,23.11,22.12,22.34,584732.28
22.17,22.58,21.96,22.12,525705.08
22.1,22.19,21.15,21.67,630228.41
21.7,22.56,21.56,22.52,846544.74
22.18,23.49,21.6,23.29,1071643.59
23.08,23.25,22.43,22.46,846158.13
22.95,23.09,22.06,22.06,773549.81
21.95,22.06,21.2,21.51,662974.58
21.78,22.2,21.67,21.69,584779.82
21.3,21.48,19.76,19.79,1057471.64
18.91,20.19,18.8,19.75,836528.13
20.04,21.24,20.03,21.05,892604.73
21.0,21.33,20.52,20.73,598990.62
20.9,21.53,20.66,20.96,759785.98
21.0,21.75,20.75,21.36,825460.94
21.8,21.87,21.12,21.32,751910.18
21.3,21.3,20.02,20.3,724238.35
20.31,20.77,20.24,20.59,609189.35
20.76,20.79,19.89,20.01,823852.8
20.11,20.25,19.31,19.41,742127.32
19.46,19.96,18.89,19.92,891899.58
19.9,20.65,19.59,20.6,1014866.09
20.51,20.56,19.94,20.03,651489.44
19.81,19.98,19.44,19.67,544276.14
19.76,21.52,19.48,21.11,1567526.81
21.0,22.28,20.85,21.68,1696133.16
21.85,22.98,21.58,22.5,1639759.3
22.27,22.42,21.45,22.13,1181216.34
21.65,22.83,21.32,22.38,1367435.78
22.44,23.21,22.21,22.56,1207211.41
22.71,23.2,22.26,22.99,1077470.58
22.98,24.84,22.81,24.45,1438721.88
24.37,24.77,24.13,24.49,1260201.04
24.37,25.46,24.34,24.62,1781207.43
24.46,25.45,24.12,25.06,1451009.11
24.89,25.32,24.15,24.28,1490770.84
24.65,26.1,24.04,25.86,2137717.34
25.89,26.18,24.9,25.29,1940616.29
25.27,25.74,24.67,25.72,1385017.09
25.51,27.35,25.46,25.86,2471325.48
26.08,28.45,26.08,28.37,2546732.98
29.27,31.11,29.09,29.73,3224952.05
29.89,31.55,28.97,30.04,2938293.43
30.86,31.11,29.22,29.77,2166493.93
29.86,30.06,28.89,29.57,1452860.06
30.01,30.21,29.23,30.06,1513658.47
30.64,31.36,29.86,30.25,2533530.19
30.05,31.46,29.69,31.46,2225130.07
31.67,32.23,30.01,30.76,2497556.06
30.36,30.36,28.72,29.4,2986770.12
28.36,30.62,27.95,29.19,2278130.34
29.81,30.14,29.0,30.09,1663529.25
30.81,31.21,29.73,30.36,2183655.31
30.21,30.32,28.87,29.16,1665458.47
28.88,30.06,28.87,29.77,1483802.09
29.95,30.0,28.92,29.21,1336851.61
28.88,29.82,28.07,29.65,1266395.97
29.78,31.04,29.68,30.35,1721317.96
30.5,30.74,29.37,30.01,1261372.47
30.01,30.98,29.78,30.61,1635010.71
30.48,30.81,29.64,30.27,1315671.88
29.37,30.04,29.2,29.28,1066350.75
29.56,29.56,27.87,27.93,1212010.14
28.17,28.27,26.96,27.63,1050252.95
27.66,28.8,27.52,27.66,1134991.1
27.66,28.77,27.18,28.69,1069600.44
28.88,30.02,28.88,29.95,1698137.99
30.04,30.31,29.58,29.6,1473458.09
29.37,30.0,29.17,29.87,1039897.89
30.06,30.16,29.27,29.43,1097771.06
29.72,29.84,28.14,28.42,1206259.89
28.44,29.21,28.15,28.75,710353.38
28.43,29.6,28.31,29.26,1073413.6
29.26,29.26,28.17,28.17,787192.17
28.17,28.6,27.74,27.95,625911.87
28.42,29.25,28.24,28.27,963854.26
28.25,31.1,27.92,31.1,2958556.84
31.45,31.45,30.51,30.66,2446294.96
30.84,31.22,30.01,30.51,1709227.93
30.46,31.15,29.65,30.85,1400539.97
30.99,31.61,29.71,29.87,1595171.83
29.85,30.23,29.27,29.33,1044937.37
29.67,30.51,29.29,30.48,1173422.55
29.82,30.0,28.37,28.57,1307965.08
28.38,29.31,28.27,28.66,911694.26
28.56,28.85,25.88,26.88,1251674.58
26.77,27.18,26.54,26.67,586089.31
24.89,25.34,24.0,24.0,877339.26
23.89,24.28,22.83,23.69,854805.65
22.92,24.24,22.8,23.59,601305.54
23.39,23.86,23.13,23.39,421966.01
23.71,25.4,23.13,24.94,1056027.27
24.39,24.72,23.57,23.57,924567.92
23.21,24.12,23.12,23.71,735953.43
24.01,24.34,23.92,24.11,631402.64
24.06,24.06,23.34,23.7,684164.26
23.7,24.02,22.28,22.51,868721.31
22.51,22.68,20.97,21.94,1008541.7
21.95,23.06,21.82,22.8,893417.48
22.97,23.57,22.77,23.02,885318.99
22.81,22.89,21.95,22.15,655478.79
22.42,22.55,22.08,22.23,471492.34
22.27,23.25,22.05,23.14,838699.04
23.15,23.18,22.6,22.76,747940.76
22.6,22.99,22.5,22.67,457353.03
22.59,22.59,21.97,22.3,469796.53
22.32,22.63,22.1,22.16,403219.62
22.21,23.17,22.0,22.72,853268.05
23.0,23.69,22.71,23.2,1234734.85
23.49,24.01,23.18,23.72,1118276.54
23.62,23.62,22.44,22.57,799718.45
22.8,23.44,22.67,23.39,754636.3
23.34,24.27,22.95,24.09,1104753.19
24.09,24.45,23.81,23.9,922061.23
23.89,24.17,23.6,23.72,627055.03
23.79,23.95,22.9,22.9,623569.7
22.9,23.23,22.63,23.06,379244.31
23.1,23.29,22.75,23.14,307829.18
24.13,24.33,23.49,23.52,987871.59
23.49,24.12,23.29,23.98,802731.9
24.15,24.67,24.01,24.19,951016.4
24.28,24.29,23.69,23.83,588198.34
23.75,23.84,23.13,23.51,571825.92
23.51,24.37,23.39,23.97,880168.92
24.18,24.88,24.1,24.76,1417164.41
24.69,24.69,24.15,24.34,800888.05
25.45,26.32,25.2,25.99,1855053.26
25.89,26.32,25.83,26.19,1248173.06
26.38,26.81,25.67,26.0,1163624.81
26.19,26.49,25.76,26.1,935131.87
26.13,26.28,25.72,25.76,725434.0
25.59,25.59,24.4,24.62,1023273.57
24.72,24.79,24.11,24.51,615005.73
24.8,24.98,24.41,24.82,560865.53
24.98,25.09,24.55,24.67,570876.97
24.69,24.84,24.23,24.49,481709.56
22.91,23.49,22.2,23.13,1488469.56
23.26,24.13,23.16,23.84,1129963.02
23.77,24.33,23.65,23.89,693435.86
23.68,23.9,23.23,23.29,577360.69
23.48,23.84,23.24,23.51,448843.51
23.66,23.99,23.05,23.29,440157.48
23.3,24.23,23.21,24.17,680944.86
24.41,26.58,24.41,26.27,2307990.13
26.48,28.12,26.18,27.84,2390667.43
27.51,28.03,27.23,27.95,1285950.73
28.04,28.42,27.66,28.3,1343786.09
28.3,28.55,27.72,27.73,1106803.8
27.89,28.37,27.71,28.03,1073603.08
27.97,29.12,27.81,28.97,1514582.89
27.77,28.49,27.38,28.14,1396750.96
27.87,29.1,27.56,27.7,1370317.78
26.86,28.5,26.73,28.32,1593041.8
28.28,28.58,27.46,27.52,1156979.46
27.68,28.12,26.85,27.6,1205120.61
27.97,28.52,27.15,27.97,1463427.4
27.98,30.77,27.52,30.56,1970200.5
29.87,31.43,29.86,30.96,1818752.51
31.86,32.63,30.26,30.34,1952441.18
29.7,32.6,29.62,32.6,1899807.13
32.45,33.45,32.01,32.25,1766841.49
33.45,34.61,32.67,32.92,2232403.22
33.05,33.56,32.55,32.99,1391916.05
32.85,34.39,32.56,33.59,1550182.1
33.35,33.46,31.93,32.46,1530640.65
32.55,32.8,31.54,32.53,1441443.71
31.74,32.29,31.31,31.85,1237736.88
32.06,32.91,31.55,31.75,1421302.34
32.17,32.87,31.48,32.4,1552954.04
32.35,32.91,31.87,32.24,1146993.97
32.75,33.48,31.24,31.66,1670568.61
31.68,32.81,31.04,32.6,1294019.08
32.61,35.13,32.51,34.51,2068028.36
34.56,35.38,34.16,35.17,1507424.51
35.39,36.9,34.6,35.4,1828403.61
35.84,36.58,34.59,35.77,1354352.83
35.8,37.53,35.32,37.31,1798973.98
37.03,37.28,34.74,35.27,1919158.15
35.29,35.6,33.95,34.21,1407532.34
34.44,34.92,33.95,34.52,947308.71
34.84,35.64,34.1,35.24,1204215.95
34.94,35.44,34.0,34.74,922847.79
34.59,35.42,33.97,34.75,1197802.82
34.82,36.62,34.69,36.32,1676592.69
37.71,38.21,36.33,36.47,2241402.48
36.81,38.11,36.05,37.6,1691919.38
37.61,38.5,36.93,37.33,1682312.91
36.83,37.1,35.14,35.17,1751187.19
35.23,35.42,33.35,33.8,1450838.9
33.73,36.01,33.73,35.66,1346032.79
35.6,36.29,34.58,35.64,1132909.99
35.51,36.46,32.72,32.92,1721990.59
32.53,33.79,31.89,33.59,1241975.53
34.64,36.94,34.59,36.94,3016276.58
36.73,37.94,36.34,37.33,2301285.27
38.03,38.52,36.93,37.35,1690968.96
37.28,37.28,36.24,36.4,1317371.25
36.75,37.38,36.24,36.38,1266633.83
36.49,37.78,36.05,37.26,1511932.75
37.18,38.5,36.95,37.05,1787187.3
36.68,38.01,35.54,38.01,1345851.67
38.26,39.12,37.72,39.12,1921616.61
39.0,39.65,38.43,38.66,1460154.06
37.99,40.17,37.82,39.89,1665734.46
39.95,42.11,39.42,42.01,1894794.74
41.51,42.77,41.31,41.99,1581536.01
41.81,43.11,41.22,42.41,1722280.03
41.83,42.18,40.37,41.53,1343554.76
41.41,42.1,40.22,40.26,1603845.97
40.22,41.11,39.34,40.96,1539786.17
41.03,42.59,40.69,41.69,1452662.91
41.71,42.19,40.72,42.04,1331268.74
42.03,42.47,40.41,40.62,1295335.63
40.59,41.58,40.37,40.96,920505.52
40.81,43.76,40.79,42.9,2313007.37
42.47,43.09,42.07,42.78,1263923.88
42.67,42.67,39.32,40.31,2081446.36
39.82,41.29,39.39,40.78,1366032.07
40.52,41.56,39.48,41.31,1631000.38
40.91,40.98,39.75,39.77,1331222.0
39.35,40.11,39.08,39.77,949583.33
39.77,41.49,39.58,41.26,1554005.35
41.01,41.6,40.42,40.47,1001696.83
40.02,40.8,39.52,40.22,814424.65
40.18,41.24,37.84,38.81,1792582.11
38.7,38.76,37.63,38.01,1054615.69
38.43,38.98,37.67,38.05,1040954.45
37.83,39.65,37.6,38.93,1225561.08
39.0,39.39,38.73,38.94,613254.61
38.95,39.62,38.84,39.26,745078.32
39.56,40.26,39.14,39.76,711473.71
39.42,40.09,38.75,39.89,713064.96
39.44,40.13,39.15,39.35,663251.27
39.78,43.21,39.63,42.68,2374000.69
42.61,43.38,42.41,43.21,1555239.65
43.4,44.09,42.39,42.71,1177138.47
42.58,44.9,42.34,44.2,1884819.57
43.91,44.42,42.56,42.79,1254323.37
43.07,45.08,42.61,44.18,1670955.02
45.47,45.69,42.74,43.54,2232772.73
43.31,44.35,43.22,44.19,2049267.44
44.19,44.88,43.58,44.33,1511261.19
44.95,46.17,44.33,44.85,1985635.1
44.8,45.19,43.3,44.05,1373877.42
43.99,45.35,43.68,44.42,1614148.68
43.17,43.89,42.1,42.1,1394286.8
42.42,43.24,41.98,43.18,912975.54
43.41,45.08,43.11,44.22,1430021.2
44.27,45.08,44.14,44.48,909053.69
45.55,47.09,44.6,44.77,2263304.04
44.71,46.45,43.01,45.81,1446470.05
45.5,46.19,44.49,45.18,1099764.43
45.21,47.12,44.47,46.4,1804961.55
46.56,47.08,45.43,46.22,1108113.28
45.64,46.44,45.1,45.8,1365097.21
45.69,46.09,44.58,45.17,1432884.31
44.67,45.0,43.77,43.99,1237758.29
44.45,45.02,43.97,45.02,1482986.62
45.19,45.35,44.08,44.4,1387278.94
44.4,45.94,44.1,45.89,1790362.34
46.05,46.65,45.4,46.14,1559562.85
45.79,46.26,44.76,45.67,1132040.25
45.6,45.63,44.4,44.96,1099292.25
45.11,45.4,44.4,44.97,1028098.03
45.3,48.34,44.95,47.98,2645887.99
47.78,48.23,46.29,46.45,1774347.33
45.96,46.93,43.68,46.52,2677410.58
45.49,46.34,42.91,43.8,1817894.48
39.42,39.82,39.42,39.42,889290.81
38.82,41.16,38.82,40.7,1984271.35
40.87,41.98,39.92,40.32,1794541.5
40.02,41.37,39.32,41.31,1716917.79
40.74,40.91,39.61,40.68,1982053.15
39.65,40.71,39.4,40.35,1758915.56
40.62,42.88,40.35,42.33,2521387.15
41.88,42.63,41.56,42.36,1502379.05
42.19,43.27,41.42,42.31,1493449.91
42.17,43.25,42.01,42.69,1457765.31
43.38,44.9,43.02,44.72,2142536.65
44.72,45.28,44.0,44.81,1747666.43
44.3,46.22,44.02,44.73,2061426.99
44.8,45.77,43.96,45.53,1954501.29
45.67,49.87,45.67,48.7,3463378.85
49.82,53.57,48.82,53.57,3595042.85
51.92,57.23,50.05,55.08,4816713.71
53.03,54.95,51.78,51.87,3068939.24
52.01,55.93,50.57,53.15,2924219.21
49.28,52.42,48.58,49.71,2832825.91
51.77,52.28,46.72,49.97,4256245.44
52.16,52.75,49.13,49.76,2783114.75
49.03,49.56,46.39,47.75,2909286.83
49.1,49.58,47.16,48.66,2392135.8
47.47,48.49,47.28,47.83,1113546.04
46.79,47.53,43.7,44.14,2445630.15
43.9,46.31,43.3,46.28,2546535.24
46.46,47.9,44.96,45.2,1989169.36
43.8,44.68,42.82,43.6,1806010.45
40.9,43.8,39.83,42.76,1998865.4
42.68,42.68,38.49,38.55,3032437.66
39.1,39.41,35.4,37.17,2220412.92
37.84,38.93,36.6,36.71,1894357.0
37.39,38.61,36.34,37.93,1870416.33
38.79,38.93,36.96,37.78,1348962.52
35.86,37.12,34.63,35.32,1606865.0
36.24,36.41,33.86,35.71,1487447.59
37.3,38.61,36.73,37.93,2292313.16
37.57,37.98,36.89,37.02,1245529.1
37.98,38.13,36.1,36.15,1249410.26
34.92,35.5,33.85,34.84,1420025.39
35.4,35.7,34.08,34.17,1167695.87
34.17,36.1,33.93,34.81,1560113.73
34.64,38.03,34.62,37.9,2401419.92
37.83,38.22,36.35,36.75,2099002.04
38.33,38.55,37.6,37.79,1992596.02
37.73,39.61,37.5,38.57,2236199.53
38.89,39.01,37.73,37.91,1378605.57
36.94,37.33,35.44,35.79,1754891.11
35.23,36.34,34.58,35.15,1055709.84
35.83,36.24,35.15,36.24,1055504.3
36.37,37.93,36.14,37.22,1538488.35
36.79,37.39,36.4,37.21,820600.02
37.83,38.7,37.73,38.13,1769730.6
38.72,39.26,38.49,38.57,1163438.68
38.38,39.37,37.86,39.36,1510692.82
38.98,39.3,38.54,39.06,923663.79
39.12,39.18,37.83,38.06,877735.79
38.07,38.97,37.29,37.39,980026.7
37.5,38.2,36.95,37.8,855012.8
37.63,38.78,35.84,38.55,1334872.44
38.23,38.97,38.03,38.39,709892.35
39.08,41.61,38.88,41.11,2142464.77
40.78,43.49,40.43,43.13,2085382.64
43.75,44.56,42.67,43.26,1419470.22
43.32,43.9,42.71,43.15,1050649.91
43.71,44.06,42.61,43.08,956373.83
43.06,43.5,42.09,43.23,955123.01
42.81,44.68,42.72,44.3,1466078.28
43.94,44.74,43.67,43.84,944200.24
44.53,45.39,43.85,44.32,1347074.25
43.8,43.8,41.69,41.81,1797964.01
42.49,42.72,41.72,42.55,1083538.86
42.56,42.56,41.19,41.38,938840.51
41.8,42.62,40.35,40.67,1093978.6
40.65,41.2,39.68,39.78,746777.87
39.37,39.62,38.35,38.92,851319.96
39.35,40.22,39.22,39.98,770439.91
39.98,40.3,38.57,38.95,751921.26
39.01,39.16,37.91,38.82,695725.0
38.77,39.29,38.63,38.83,642561.26
39.44,42.72,39.44,42.72,1436521.78
43.8,46.1,43.55,45.32,3044357.3
45.39,48.55,44.85,46.8,2727778.98
47.07,47.78,46.36,46.72,1371549.22
47.04,47.88,46.12,46.71,1170427.52
48.08,50.07,47.31,47.68,1726273.57
48.75,48.83,47.49,47.81,1089189.82
48.28,48.53,47.52,47.98,951598.26
47.78,48.76,46.61,46.97,1687280.92
46.29,46.87,45.59,46.19,1681763.21
45.92,47.24,45.71,45.85,1027879.88
47.2,48.28,47.16,47.46,1418412.2
47.68,47.68,45.69,46.4,1025019.39
46.2,49.28,45.94,48.78,1868911.61
48.89,49.44,48.21,48.33,1216295.32
48.78,50.26,47.91,49.52,2057570.38
49.3,50.32,48.43,49.14,1437656.59
48.9,50.29,48.64,49.84,1437560.15
48.63,49.24,47.36,48.03,1717108.98
48.77,52.83,48.65,52.83,2123001.1
53.76,54.25,52.37,53.47,2324022.21
53.47,54.49,52.38,52.93,1690453.55
52.82,53.55,51.4,53.0,1550551.95
53.04,55.16,52.81,54.2,1992116.96
54.74,58.06,53.72,55.88,2708557.66
57.0,57.66,54.69,56.31,2021411.83
56.3,57.98,55.7,56.5,2339466.87
56.05,57.87,54.93,56.36,1673723.52
56.36,59.29,56.21,57.99,2111921.69
57.76,58.25,53.21,54.67,2745602.66
54.92,55.39,53.02,53.57,1979733.45
53.89,54.97,48.83,50.16,2114712.19
50.96,53.11,50.49,51.3,1747917.61
52.72,52.95,49.88,52.23,1483626.88
52.41,53.79,51.63,53.31,1415053.09
53.6,54.51,52.5,52.71,1857681.12
51.83,53.18,49.93,53.02,1926597.46
52.32,52.81,48.31,48.92,1822673.81
49.43,49.71,47.93,48.78,1447866.41
49.43,50.55,49.04,50.13,1118207.64
49.92,51.45,49.82,51.41,1345267.02
51.84,52.02,49.98,50.1,1038558.27
50.63,55.12,50.63,55.12,3489856.15
56.55,60.38,56.55,58.99,3517145.6
59.62,59.63,57.85,59.3,2095714.84
58.85,59.99,58.59,59.05,1408047.44
57.41,61.93,57.41,60.16,2906214.28
59.71,62.27,58.91,59.98,2312435.67
57.64,58.23,53.98,55.39,3112259.08
55.6,59.22,55.6,56.42,1959225.8
56.49,56.95,54.19,56.75,1648759.11
57.2,58.37,54.88,55.9,1095679.51
56.11,59.04,56.1,58.68,1571990.08
58.39,59.97,57.48,59.84,1501707.11
59.48,59.52,57.0,57.29,1467622.44
56.83,57.75,55.81,56.19,949320.49
55.7,57.45,55.31,57.35,1178682.0
57.7,60.59,57.41,58.23,1948023.32
59.9,65.55,58.49,64.37,3160382.88
64.27,66.05,63.54,63.57,2457423.16
63.78,65.24,61.59,61.86,2139935.21
62.7,63.97,61.06,62.78,1421985.34
62.28,62.96,60.29,62.48,1231060.4
62.61,63.98,61.78,61.8,1292450.56
59.81,63.26,58.75,61.68,1556310.7
62.1,64.02,61.79,62.37,1460427.93
61.81,64.67,61.66,61.69,1509656.91
60.04,62.25,59.8,61.83,1045971.12
61.83,63.18,59.39,59.95,1405571.55
60.1,60.49,56.85,57.91,1399497.23
57.06,58.27,55.55,56.3,1118325.0
57.8,58.17,55.98,56.54,1063628.79
56.89,59.44,56.3,59.27,1201121.0
60.37,60.79,58.18,59.34,1430892.64
58.87,59.24,57.38,58.33,900009.1
58.01,58.59,57.03,57.57,590320.59
57.33,57.5,55.31,56.34,1141040.2
56.12,57.48,55.91,57.34,859938.54
57.3,57.77,56.31,56.98,688907.83
56.82,58.23,56.2,57.01,838530.73
57.26,58.39,56.5,57.73,625564.19
56.82,57.45,54.61,54.96,976207.08
55.95,55.97,54.81,55.09,525423.6
55.38,56.29,54.92,55.4,576466.9
55.8,56.29,53.51,55.38,1068882.01
55.18,55.73,54.11,54.32,752717.44
56.04,58.23,55.63,57.82,1413902.78
58.39,58.39,47.83,51.35,4845001.52
51.72,53.17,51.36,52.76,2412201.0
51.47,52.79,50.17,51.77,1783469.83
51.72,52.11,49.57,49.68,1357904.71
49.45,50.0,49.03,49.43,642501.35
50.17,51.62,49.79,49.94,858703.56
50.31,50.31,49.33,50.16,648250.34
50.16,50.33,48.83,49.28,558264.53
49.11,49.63,48.52,48.68,482046.85
49.13,49.46,47.68,48.11,547992.18
47.83,48.54,45.94,47.97,628623.28
47.98,49.28,47.63,48.76,724283.08
49.03,51.22,48.05,50.66,1297981.6
49.86,50.33,49.29,49.53,770549.88
49.44,49.91,46.68,47.33,1101335.06
47.4,48.28,46.35,47.55,706994.19
47.84,49.21,47.1,48.16,720292.62
47.93,48.58,47.45,47.98,519735.29
49.01,50.72,48.28,50.36,1280529.89
50.6,50.79,48.35,49.14,1010307.73
49.81,53.8,49.8,52.57,2001334.02
52.57,53.21,51.02,52.56,1003101.56
51.82,52.42,47.93,48.46,1870309.33
48.71,49.08,48.11,48.7,682365.16
48.01,48.29,46.92,47.5,820372.7
47.93,48.08,44.52,44.81,1558125.29
44.97,45.13,43.25,44.24,1306989.8
44.03,44.59,43.43,44.24,678787.95
44.02,44.84,43.76,44.61,567308.28
44.44,44.94,44.02,44.24,511364.68
44.26,44.71,43.5,44.35,736475.82
44.4,45.13,43.95,45.09,702954.38
45.42,47.11,44.71,45.62,1040493.36
45.71,46.53,45.54,46.32,772513.49
46.59,47.03,45.97,46.45,610714.99
46.57,47.98,45.97,46.72,1024876.39
46.71,47.11,46.0,46.76,673537.81
46.8,47.21,46.02,46.34,629716.75
46.34,46.7,46.0,46.07,474216.74
45.87,46.28,44.75,45.65,784999.22
45.66,46.11,44.94,45.11,598220.69
45.33,45.38,44.45,44.51,657287.45
44.43,46.52,44.43,44.9,986486.52
44.34,44.43,42.36,43.97,1166421.53
44.3,44.31,41.9,42.24,1073498.32
41.84,42.24,40.26,40.81,1607575.35
41.35,41.47,40.27,41.15,861771.48
41.75,42.75,39.81,39.96,1344217.7
39.76,39.83,38.81,39.51,1277789.31
39.81,39.96,38.34,38.46,1129162.18
38.48,39.33,38.16,39.01,823126.57
38.8,39.14,37.98,38.03,789307.72
38.19,39.01,38.09,38.65,731571.75
38.53,38.54,36.84,36.96,1084224.91
36.86,37.74,36.76,37.22,668601.83
36.95,37.26,35.96,36.04,797552.79
36.44,37.77,36.15,37.2,1820768.3
37.17,37.19,34.48,36.49,1911043.54
36.53,37.46,35.6,35.75,1640184.77
35.71,36.56,35.09,36.04,1334481.23
35.77,38.07,35.62,37.98,2222890.84
38.02,38.53,36.07,36.39,2103247.3
36.51,36.8,34.11,34.6,2032243.03
34.6,37.24,34.48,36.41,1881324.79
37.12,38.84,36.58,38.08,2699437.45
38.28,39.87,37.42,38.48,2646788.67
38.48,41.15,37.9,40.77,2927342.12
40.86,41.21,39.12,40.39,2449506.77
40.51,40.53,38.46,38.91,1889547.13
38.48,40.03,38.25,39.34,1504735.82
39.14,40.8,38.76,40.04,1765711.32
39.76,39.83,38.79,39.03,1401190.9
38.85,39.26,37.77,38.38,1747264.6
38.08,38.38,35.18,35.7,2767591.39
35.54,36.05,34.51,35.04,1741650.92
35.04,36.27,34.5,36.21,1562883.25
36.06,36.06,34.93,35.57,907169.88
33.88,33.98,31.68,31.68,2404586.67
32.17,32.67,31.09,32.01,1238136.45
31.97,32.26,30.74,31.42,993956.65
31.36,31.75,30.87,31.17,864113.32
31.17,31.35,29.98,29.98,915426.24
29.93,30.27,28.94,29.96,963027.15
30.09,30.25,28.66,28.66,727481.21
28.66,29.5,28.5,28.86,621613.97
28.9,29.7,28.58,29.56,605958.24
29.89,32.29,29.58,31.99,1421512.27
32.4,33.45,31.89,33.21,1277529.35
32.85,34.44,32.58,34.06,1231317.35
33.73,34.53,32.9,33.18,1065153.07
32.98,35.03,32.51,34.93,1227530.43
34.58,35.06,33.69,34.06,834777.03
34.38,34.45,32.84,33.06,644468.1
32.41,34.38,32.37,33.78,824261.34
33.83,35.03,33.5,34.6,895293.44
34.73,34.84,33.4,33.54,844430.37
33.59,33.84,33.12,33.48,521755.1
33.28,33.66,32.39,32.42,600471.2
32.35,34.65,32.26,34.04,1039770.92
34.19,35.55,33.54,33.78,944417.46
33.69,33.88,30.91,31.22,1084565.34
31.66,31.66,29.92,30.39,739426.89
30.45,30.59,29.09,29.1,1644270.69
29.41,29.5,28.55,28.76,859584.9
28.54,28.54,27.4,27.46,810580.92
27.73,27.87,26.98,27.8,705253.6
27.5,27.85,27.11,27.68,554971.58
27.82,27.89,26.96,27.12,690973.96
26.77,27.27,26.51,26.79,652410.9
26.72,27.78,26.63,27.66,714276.24
27.65,27.97,27.31,27.45,619873.46
27.2,27.38,26.83,26.93,410334.16
26.78,27.65,26.77,27.51,479340.01
27.8,28.19,27.36,28.01,652716.5
28.06,28.14,27.56,27.63,480922.65
27.63,28.0,27.2,27.25,464640.17
27.12,28.33,26.95,28.29,701025.1
28.38,28.55,27.9,28.06,497460.64
28.17,28.95,28.0,28.74,648244.31
28.7,28.7,28.13,28.4,424000.22
28.3,29.67,28.21,28.92,769104.99
29.16,29.5,28.71,28.75,474679.99
27.9,28.1,27.35,27.37,698249.31
27.39,27.69,26.98,26.98,373545.79
26.98,27.56,26.82,27.26,330832.52
27.25,27.46,27.01,27.32,297590.11
27.19,27.21,26.9,27.13,220016.34
27.19,28.11,27.15,28.0,433243.42
27.81,29.28,27.76,29.15,750407.04
28.9,29.16,28.48,28.49,551505.73
28.34,28.79,28.29,28.58,345358.92
28.58,29.45,28.12,29.07,649706.38
28.89,29.21,28.52,29.05,461954.76
29.03,29.35,28.19,28.21,636346.32
28.15,28.75,27.58,28.03,463373.79
27.94,28.24,27.6,27.95,312580.48
27.95,29.08,27.95,28.55,643926.67
28.42,29.0,27.93,28.01,558169.31
27.83,27.83,26.98,27.03,518798.86
26.94,27.27,26.54,26.61,421134.32
26.62,26.77,25.17,25.26,604864.69
25.05,25.65,24.92,25.54,286313.71
25.41,25.6,25.01,25.57,275733.55
25.31,25.75,25.21,25.43,247517.38
25.57,26.39,25.33,26.14,378381.33
26.32,27.15,26.3,26.36,462399.18
26.24,26.76,26.01,26.51,279505.66
26.43,27.06,26.24,26.74,333055.1
26.62,26.96,26.36,26.71,262575.55
26.85,26.86,26.09,26.23,327161.09
26.23,27.02,25.91,26.84,408911.66
26.85,27.74,26.66,27.46,647498.32
27.46,28.06,27.28,27.6,476733.26
27.5,28.24,27.4,28.02,539915.59
28.02,28.24,27.62,27.79,495533.66
27.7,28.26,27.5,27.98,443261.24
27.76,29.17,27.76,28.98,887358.61
28.88,28.88,27.86,27.87,662018.47
27.93,29.38,27.93,28.65,935827.88
28.4,28.85,28.19,28.57,545582.18
28.8,29.3,28.71,28.96,568298.49
28.99,29.17,28.41,28.67,484425.5
28.8,29.16,28.15,28.39,456672.72
28.33,28.58,28.0,28.4,524485.14
28.36,28.44,27.1,27.18,762325.81
27.1,27.79,27.03,27.06,480704.49
27.29,27.77,26.59,26.78,556518.38
26.84,28.02,26.8,27.93,683184.71
28.0,29.54,27.67,29.2,1238636.27
29.96,30.73,29.53,30.38,1445391.41
30.39,30.49,29.66,30.07,790375.5
30.09,32.45,29.72,31.61,1708603.8
31.59,32.39,31.21,31.69,1220964.97
31.37,31.95,30.55,31.13,1047648.35
31.17,32.18,31.17,31.68,1005995.32
31.42,31.42,30.49,30.66,849296.78
30.87,31.23,30.7,30.88,610164.45
30.96,31.0,29.66,29.66,906478.85
29.66,30.38,29.38,29.56,616142.09
29.85,31.99,29.67,31.92,1322687.29
31.93,32.93,31.57,32.57,1455661.3
32.1,32.52,31.57,32.42,910829.75
32.54,32.83,31.75,32.1,882991.75
31.58,32.7,31.37,31.68,1001925.7
31.97,33.38,31.58,32.42,1349876.23
32.31,33.41,31.87,33.41,1433038.59
33.31,33.33,31.19,31.36,1603636.58
31.56,31.96,30.58,31.61,824884.51
31.29,31.56,30.5,30.59,802445.49
30.33,32.09,29.91,31.87,1020536.19
31.46,31.94,31.03,31.43,650956.59
28.0,28.25,26.17,26.2,2453829.94
26.27,26.65,25.9,26.16,984015.16
26.01,26.18,25.26,25.43,916254.89
25.67,26.1,25.45,25.86,658136.09
25.85,26.87,25.56,25.7,925369.63
25.66,26.5,25.5,26.11,642854.48
26.55,26.7,26.01,26.31,740789.06
26.15,26.17,25.61,25.87,573397.78
26.15,26.9,26.14,26.66,796769.65
26.45,27.33,26.4,26.83,712971.41
27.08,27.2,26.63,26.93,542841.26
26.74,27.16,26.55,26.65,509157.16
26.65,26.77,26.01,26.18,465319.52
26.0,26.82,25.93,26.76,484500.44
26.84,27.1,26.48,26.86,481879.67
26.87,27.36,26.84,26.88,562842.15
26.8,27.1,26.5,26.67,415441.9
26.79,26.9,26.13,26.26,464359.15
26.36,26.77,26.22,26.49,319648.04
26.36,26.5,25.56,25.6,479461.99
25.5,25.75,25.09,25.47,345434.77
25.41,25.68,25.31,25.54,279730.19
25.68,25.69,24.96,25.04,351856.62
25.12,25.34,25.01,25.23,267751.58
25.19,25.25,24.3,24.48,655067.76
24.31,24.65,24.03,24.25,436067.24
24.11,24.2,23.27,23.28,586351.83
23.42,23.58,22.77,23.2,374794.45
23.18,23.35,22.53,22.64,404780.95
22.58,22.83,22.05,22.52,378279.58
22.61,23.69,22.31,23.59,579068.42
23.49,23.54,23.19,23.26,304416.81
23.18,24.28,23.1,23.89,480152.6
23.86,24.57,23.66,24.39,442440.76
24.35,24.52,23.96,24.17,331738.03
24.21,24.57,24.14,24.55,375493.51
24.25,24.33,23.86,23.98,345341.77
23.98,24.64,23.9,24.24,382347.06
24.53,24.61,24.1,24.29,237047.77
24.19,24.48,23.6,23.68,342981.13
23.69,23.95,23.35,23.6,268020.84
23.63,23.8,23.03,23.08,265818.48
23.04,23.34,22.8,23.3,213951.54
23.1,24.85,23.0,24.31,510225.86
24.06,24.63,24.06,24.43,420255.96
24.38,24.4,23.71,23.84,379303.34
24.13,24.39,23.3,23.33,433813.13
23.21,23.4,23.0,23.08,240709.39
22.85,22.86,22.3,22.38,298655.82
22.49,22.8,22.38,22.54,182998.83
22.88,23.56,22.77,23.25,290287.58
23.24,23.64,23.15,23.37,283771.1
23.34,23.34,22.95,23.11,204938.35
23.11,23.28,22.89,23.17,168027.27
23.1,23.12,22.52,22.57,271560.3
22.57,22.78,22.35,22.36,212324.99
22.3,22.36,21.08,21.29,432510.24
21.1,21.98,21.1,21.69,308985.47
21.6,21.68,21.33,21.33,171708.59
21.39,21.48,21.11,21.15,168197.02
21.24,21.58,21.15,21.36,187696.53
21.28,21.87,20.77,21.52,308250.02
22.28,25.5,21.98,24.76,1747444.91
24.76,24.95,24.16,24.42,964342.0
24.17,24.69,23.5,23.58,715619.07
23.98,24.23,23.6,23.79,596552.04
23.8,24.95,23.66,24.67,754566.24
24.6,24.95,24.25,24.58,627487.26
24.6,25.28,24.32,24.63,542874.01
24.71,25.1,24.54,24.92,649571.63
25.05,25.81,24.8,25.3,851774.06
25.33,25.33,24.36,24.79,534082.25
24.58,25.27,24.3,24.86,563361.86
24.91,25.26,24.7,25.2,568967.44
25.06,25.63,24.96,25.22,619117.21
25.27,26.46,25.2,25.8,871384.22
25.97,26.82,25.85,26.77,996686.72
26.79,26.8,25.92,26.15,746525.6
26.01,26.5,25.6,25.87,634989.33
25.73,26.05,24.81,24.97,711357.87
25.0,25.85,24.93,25.33,487301.61
25.37,25.88,25.12,25.67,477585.66
25.78,25.78,24.94,25.12,570853.56
25.13,27.63,25.12,26.47,1328517.04
26.36,26.57,25.88,25.98,629326.81
25.9,26.06,25.4,25.4,483148.51
24.84,25.17,24.57,24.8,494014.21
24.92,25.4,24.86,25.0,406926.86
25.0,25.72,24.82,25.5,437456.78
25.3,25.59,24.83,24.94,388771.43
25.0,25.25,24.62,24.82,309580.36
24.64,24.92,24.27,24.55,337487.2
24.67,24.95,24.2,24.4,376935.29
24.44,24.87,24.44,24.76,338472.65
24.7,25.88,24.65,25.64,812972.98
25.4,25.58,24.62,25.0,851253.52
24.81,25.6,24.56,25.54,739717.18
25.6,26.2,25.45,25.98,815622.28
25.78,26.43,25.47,25.47,658211.83
25.51,25.75,25.33,25.66,385923.02
25.53,25.58,24.77,24.86,467324.87
24.78,25.12,24.66,24.75,276299.04
24.64,25.05,24.61,24.84,250163.01
24.84,26.18,24.84,25.82,791377.92
25.68,26.13,25.62,25.74,469777.95
26.0,26.38,25.68,25.93,537576.83
26.15,26.28,25.68,26.12,557142.01
26.31,26.36,25.39,25.68,587520.45
25.51,25.67,25.3,25.47,306389.63
25.47,25.77,25.4,25.55,317905.04
25.45,25.72,25.1,25.32,358960.05
25.38,26.06,25.23,25.83,487382.87
25.75,26.12,25.14,25.21,548309.93
25.0,25.36,24.8,25.08,341447.33
25.15,25.34,24.5,24.5,417287.72
24.35,24.84,24.25,24.42,447137.19
24.5,24.74,23.85,23.86,384612.66
23.96,24.19,23.66,24.02,335618.8
24.34,24.52,23.73,23.82,321187.91
23.69,23.92,23.25,23.36,316331.7
23.22,24.1,23.16,23.92,339387.21
23.93,24.17,23.56,23.75,336818.36
23.5,23.9,23.5,23.8,227753.39
23.78,24.1,23.5,23.99,320907.12
23.99,23.99,22.8,22.91,464404.63
22.6,23.25,22.46,22.9,184096.19
22.75,22.95,22.01,22.04,287760.85
22.28,22.45,21.93,22.28,203528.75
22.2,22.3,21.28,21.28,295108.63
21.5,21.74,21.17,21.29,222343.39
21.93,21.95,21.47,21.61,177910.6
21.5,21.85,21.44,21.82,181233.35
21.83,22.29,21.76,22.23,244776.49
22.23,22.46,22.07,22.23,223882.61
22.04,22.28,21.8,21.83,183354.67
21.72,22.13,21.53,21.98,141580.77
21.97,22.19,21.9,22.12,124991.38
22.21,22.27,21.93,22.06,129092.94
22.03,22.03,21.73,21.76,154614.4
21.6,22.49,21.55,22.14,233242.11
22.13,22.66,22.07,22.47,250866.88
22.22,22.26,21.75,21.83,244597.55
21.93,22.42,21.89,22.35,228985.3
22.16,22.27,21.0,21.15,534331.59
21.39,22.1,21.31,21.35,347385.54
21.32,21.43,20.91,21.21,221107.72
21.28,21.4,21.12,21.32,165542.32
21.1,21.55,20.95,21.46,212352.72
21.46,21.6,21.09,21.18,202092.96
21.02,21.35,20.97,21.08,177503.76
20.97,21.0,20.01,20.18,346879.94
19.99,20.39,19.61,19.73,250157.22
19.9,20.03,18.65,19.34,295452.47
19.75,19.84,19.3,19.33,245035.21
19.0,19.48,18.75,19.46,236835.22
19.08,19.45,18.92,18.93,179542.5
18.76,18.91,17.72,17.72,300201.6
18.17,18.27,17.21,18.16,294963.98
18.35,18.66,18.27,18.38,269250.74
18.08,18.63,18.04,18.5,192764.24
18.59,19.32,18.52,18.7,315610.53
18.51,18.8,18.45,18.57,160597.06
18.58,19.68,18.48,19.5,582493.8
19.2,19.25,18.68,18.7,332438.18
18.7,18.83,18.39,18.4,189259.99
18.25,18.52,17.97,18.42,186189.5
18.42,18.47,17.85,17.88,187387.6
18.0,18.39,18.0,18.31,184410.14
18.31,18.4,17.96,18.03,148532.67
17.9,18.0,17.6,17.89,153914.43
